l_english:
 GER_rudolf_rocker: "Rudolf Rocker"
 GER_paul_kirchhoff: "Paul Kirchhoff"
 GER_willi_munzenberg: "Willi Munzenberg"
 GER_wilhelm_ii: "Wilhelm II"
 GER_oskar_karl_von_preussen: "Oskar Karl von Preussen"
 GER_wilhelm_iii_friedrich_franz: "Wilhelm von Preussen"
 GER_august_wilhelm: "August Wilhelm von Preussen"
 GER_friedrich_dollmann: "Friedrich Dollmann"
 GER_werner_von_blomberg: "Werner von Blomberg"
 GER_otto_wels: "Otto Wels"
 GER_kurt_von_hammerstein_equord: "Kurt von Hammerstein-Equord"
 GER_theodor_eicke: "Theodor Eicke"
 GER_hermann_fegelein: "Hermann Fegelein"
 GER_adolf_friedrich: "Adolf Friedrich von Mecklenburg"
 GER_richard_heidrich: "Richard Heidrich"
 
 ENG_edward_halifax: "Edward Halifax"
 ENG_arthur_floyer_acland: "Arthur Floyer-Acland"
 
 POL_august_wilhelm: "August IV"
 POL_kirill_i: "Kirill I"
 POL_roman_abraham: "Roman Abraham"
 
 SOV_christian_rakovsky: "Christian Rakovsky"
 SOV_vsevolod_volin: "Vsevolod Volin"
 SOV_ieronim_uborevich: "Ieronim Uborevich"
 SOV_iona_yakir: "Iona Yakir"
 SOV_august_kork: "August Kork"
 SOV_fedor_trukhin: "Fedor Trukhin"
 SOV_pavel_batov: "Pavel Batov"
 SOV_dmitriy_karbyshev: "Dmitriy Karbyshev"
 SOV_vasiliy_sokolovsky: "Vasiliy Sokolovsky"
 SOV_filipp_oktyabrskiy: "Filipp Oktyabrskiy"
 SOV_nikolay_rakitin: "Nikolay Rakitin"
 SOV_ivan_tyulenev: "Ivan Tyulenev"
 SOV_ivan_fedko: "Ivan Fedko"
 SOV_grigory_shtern: "Grigory Shtern"
 SOV_pavel_dybenko: "Pavel Dybenko"
 SOV_stepan_kalinin: "Stepan Kalinin"
 SOV_Konstantin_Voskoboynik: "Konstantin Voskoboynik"
 SOV_alexander_rado: "Alexander Radó"
 SOV_kim_philby: "Kim Philby"
 SOV_richard_sorge: "Richard Sorge"
 SOV_alexander_orlov: "Alexander Orlov"
 SOV_wilhelm_leman: "Wilhelm Leman"
 SOV_leopold_trepper: "Leopold Trepper"
 SOV_ivan_agayants: "Ivan Agayants"
 SOV_mikhail_yefremov: "Mikhail Yefremov"
 SOV_nikolai_kashirin: "Nikolai Kashirin"
 
 BYA_urzhin_garmaev: "Urzhin Garmaev"
 YAK_dmitry_vinokurov: "Dmitry Vinokurov"
 
 ITA_augustus_mussolini: "Augustus Mussolini"
 RSI_pino_rauti: "Pino Rauti"
 RSI_umberto: "Umberto II"
 ITA_camillo_berneri: "Camillo Berneri"
 ITA_pietro_tresso: "Pietro Tresso"
 
 FRA_camille_chautemps: "Camille Chautemps"
 FRA_jean_iii: "Jean III"
 FRA_henri_vi: "Henri VI"
 FRA_pierre_etienne_flandin: "Pierre-Etienne Flandin"
 FRA_francois_de_la_rocque: "Francois de la Rocque"
 FRA_jacques_doriot: "Jacques Doriot"
 FRA_albert_sarraut: "Albert Sarraut"
 FRA_leon_jouhaux: "Léon Jouhaux"
 FRA_napoleon_vi: "Napoleon VI"
 FRA_raymond_molinier: "Raymond Molinier"
 FRA_antoinemariebenoit_besson: "Antoine-Marie-Benoît Besson"
 FRA_jean_flavigny: "Jean Flavigny"
 FRA_mariejosephedmond_welvert: "Marie-Joseph-Edmond Welvert"
 FRA_alfred_maurice_cazaud: "Alfred Maurice Cazaud"
 FRA_pierre_michelin: "Pierre Michelin"
 FRA_emilejacquesgabriel_carles: "Emile-Jacques-Gabriel Carles"
 FRA_paulgabriel_arnaud: "Paul-Gabriel Arnaud"
 FRA_marcel_garchery: "Marcel Garchery"
 FRA_aubert_frere: "Aubert Frère"
 FRA_francois_picard: "François Picard"
 
 #HOLLAND#
    #ADVISORS#
 HOL_Piet_J_Schmidt: "Piet J. Schmidt"
 HOL_Henriette_Holst_van_der_Schalk: "Henriette Holst van der Schalk"
 HOL_Paul_de_Groot: "Paul de Groot"
 HOL_Lou_Jansen: "Lou Jansen"
 HOL_Jan_Dieters: "Jan Dieters"
 HOL_Jan_Ceton: "Jan Ceton"
 HOL_Henri_Christiaan_Pieck: "Henri Christiaan Pieck"
 HOL_Nico_Engelschman: "Nico Engelschman"
 HOL_Antonie_Pannekoek: "Antonie Pannekoek"
 HOL_Hank_Kanne_Meyer: "Hank Kanne-Meyer"
 HOL_Gerrit_David_Jordens: "Gerrit David Jordens"
 HOL_Sal_Santen: "Sal Santen"
 HOL_Stan_Poppe: "Stan Poppe"
 HOL_Albert_de_Jong: "Albert de Jong"
 HOL_Onorato_Damen: "Onorato Damen"
 HOL_Wim_Spierenburg: "Wim Spierenburg"
 HOL_Paul_Arthur_Muller_Lehning: "Paul Arthur Müller-Lehning"
 HOL_Jef_Last: "Jef Last"
 HOL_Siep_Adema: "Siep Adema"
 HOL_Marcus_Slingenberg: "Marcus Slingenberg"
 HOL_Prince_Bernhart: "Prince Bernhard"
 HOL_Roelof_Kranenburg: "Roelof Kranenburg"
 HOL_Frida_Katz: "Frida Katz"
 HOL_Laurentius_Nicolaas_Deckers: "Laurentius Nicolaas Deckers"
 HOL_Ernst_von_Bonninghausen: "Ernst von Bönninghausen"
 HOL_Maarten_Meuldijk: "Maarten Meuldijk"
 HOL_Tobie_Goedewaagen: "Tobie Goedewaagen"
 HOL_Willem_Arie_Herweijer: "Willem Arie Herweijer"
 HOL_Koenraad_Keyer: "Dr. Koenraad Keyer"
 HOL_Evert_Roskam: "Evert Roskam"
 HOL_Hans_Hirschfeld: "Hans Max Hirschfeld"
 HOL_Jules_Theodore_Alting_von_Geusau: "Jules Theodore Alting von Geusau"
 HOL_Jan_van_Andel: "Jan van Andel"
    #LEADERS
 HOL_Nicolaas_Beuzemaker: "Nicolaas Beuzemaker"
 HOL_Hendricus_Sneevliet: "Hendricus Sneevliet"
 HOL_Selected_tips: "Selected Tips"
 HOL_Syndicat: "Syndicate"
 HOL_Johan_Willem_Albarda: "Johan Willem Albarda"
 HOL_Rustan_Effendi: "Rustam Effendi"
 ########
 
 #NICARAGUA#
 NIC_Anastasio_Somoza_Garcia: "Anastasio Somoza García"
 NIC_Juan_Bautista_Sacasa: "Juan Bautista Sacasa"
 NIC_Augusto_Lorio: "Augusto Lorío"
 NIC_Pedro_Altamirano: "Pedro Altamirano"
 NIC_Leonardo_Arguello: "Leonardo Arguello"
 NIC_Lorenzo_Guerrero_Gutierrez: "Lorenzo Guerrero Gutiérrez"
 NIC_Diego_Manuel_Chamorro: "Diego Manuel Chamorro"
 NIC_Roberto_Martinez_Lacayo: "Roberto Martínez Lacayo"
 NIC_Adolfo_Diaz_Recinos: "Adolfo Díaz Recinos"
 NIC_Carlos_Perez_Bermudez: "Carlos Pérez Bermúdez"
 NIC_Francisco_Hernandez_Segura: "Francisco Hernández Segura"
 NIC_Efrain_Rodriguez: "Efraín Rodríguez"
 NIC_Jose_Maria_Moncada_Tapia: "José María Moncada Tapia"
 NIC_Juan_Gregorio_Colindres: "Juan Gregorio Colindres"
 NIC_Santos_Lopes: "Santos Lopes"
 ########
 
 #BURMA#
 BRM_Hugh_Lansdown_Stephenson: "Hugh Lansdown Stephenson"
 BRM_Chit_Hlaing: "Chit Hlaing"
 BRM_U_Ba_Phe: "U Ba Phe"
 BRM_U_Saw: "U Saw"
 BRM_Aung_San: "Aung San"
 BRM_U_Nu: "U Nu"
 BRM_Archibald_Douglas_Cochrane: "Archibald Douglas Cochrane"
 BRM_U_Ottama: "U Ottama"
 BRM_Thakin_Soe: "Thakin Soe"
 BRM_Ne_Win: "Ne Win"
 BRM_Kyaw_Nyein: "Kyaw Nyein"
 BRM_Than_Tun: "Than Tun"
 BRM_Saw_Ba_U_Gyi: "Saw Ba U Gyi"
 BRM_Mir_Kassem: "Mir Kassem"
 BRM_Ba_Cho: "Ba Cho"
 BRM_Thein_Pe_Myint: "Thein Pe Myint"
 BRM_Ba_Maw: "Ba Maw"
 BRM_Win_Maung: "Win Maung"
 BRM_Maung_Maung_Kha: "Maung Maung Kha"
 BRM_Sein_Win: "Sein Win"
 BRM_Khin_Kyi: "Khin Kyi"
 BRM_Aung_Zan_Wai: "Aung Zan Wai"
 BRM_Mahn_Ba_Khaing: "Mahn Ba Khaing"
 BRM_Thakin_Mya: "Thakin Mya"
 BRM_Ohn_Maung: "Ohn Maung"
 BRM_U_Razak: "U Razak"
 BRM_Tun_Tin: "Tun Tin"
 BRM_Smith_Dun: "Smith Dun"
 BRM_Tun_Roo: "Tun Roo"
 BRM_Saw_Naung: "Saw Naung"
 BRM_Thing_Soe: "Thing Soe"
 BRM_Bo_Let_Ya: "Bo Let Ya"
 BRM_Kyaw_Zaw: "Kyaw Zaw"
 BRM_Bo_Hmu_Aung: "Bo Hmu Aung"
 BRM_Bo_Zeya: "Bo Zeya"
 BRM_Bo_Yan_Aung: "Bo Yan Aung"
 BRM_Bo_Taya: "Bo Taya"
 ########
 
 #JAPAN#
    #LEADERS
 JAP_Kenzo_Adachi: "Кензо Адачи"
 JAP_Jinzaburo_Masaki: "Дзиндзабуро Масаки"
 JAP_Keisuke_Okada: "Кэйсукэ Окада"
 JAP_Kyuichi_Tokuda: "Кюити Токуда"
 JAP_Hose_Laurel: "Хосе Пасьяно Лаурель"    #for PHI#
 JAP_Bao_Dai: "Бао Дай"     #for VIT#
 JAP_Norodom_Sianuk: "Нородом Сианук"     #for CAM#
 JAP_Sisavang_Vong: "Сисаванг Вонг"     #for LAO#
 JAP_Ibragim_Yakob: "Ибрагим Яакоб"     #for MAL#
 JAP_Sukarno: "Сукарно"     #for INS#
 JAP_Grigoriy_Semenov: "Григорий Семёнов"      #for RFP#
 JAP_Konstantin_Rodzaevskiy: "Константин Родзаевский"      #for RFP#
 JAP_Yuriy_Roy: "Юрий Рой"      #для хохлов#
 JAP_Su_Siven: "Су Сивэнь"      #для GWG#
 JAP_Ba_Maw: "Ба Мо"       #для BRM#
    #SIDE LEADERS#
 JAP_Emperor_Hirohito: "Император Хирохито"
 JAP_Hirota_Koki: "Хирота Коки"
 JAP_Sendzuro_Hayasi: "Сэндзюро Хаяси"
 JAP_Kadsucige_Ugaki: "Кадзусигэ Угаки"
 JAP_Hiranuma_Kiichiro: "Киитиро Хиранума"
 JAP_Fumimaro_Konoe: "Фумимаро Коноэ"
 JAP_Nobuyuki_Abe: "Нобуюки Абэ"
 JAP_Mitsumasa_Yonai: "Мицумаса Ёнай"
 JAP_Sadao_Araki: "Садао Араки"
 JAP_Naruhiko: "Нарухико"
 JAP_Yasuhito: "Ясухито"
 JAP_Fumio_Goto: "Фумио Гото"
 JAP_Yosuke_Matsuoka: "Ёсукэ Мацуока"
 JAP_Chikuhei_Nakajima: "Тикухей Накадзима"
 JAP_Teiichi_Suzuki: "Тэйити Судзуки"
 JAP_Shumei_Okawa: "Сюмэй Окава"
 JAP_Kanji_Ishiwara: "Кандзи Ишивара"
 JAP_Machida_Chuji: "Мачида Чуджи"
 JAP_Seigo_Nakano: "Сэйго Накано"
 JAP_Abe_Iso: "Абэ Исо"
 JAP_Aso_Hisashi: "Хисаси Асо"
 JAP_Fusanosuke_Kuhara: "Фусаносукэ Кухара"
 JAP_Keizo_Shibusawa: "Кейдзо Сибусава"
 JAP_Yonezo_Maeda: "Ёнэдзо Маэда"
 JAP_Tetsu_Katayama: "Тэцу Катаяма"
 JAP_Ikki_Kita: "Икки Кита"
    #ADVISORS
 JAP_Akamatsu_Katsumaro: "Акамацу Кацумаро"
 JAP_Naoki_Hosino: "Наоки Хосино"
 JAP_Siro_Isii: "Сиро Исии"
 JAP_Siro_Koike: "Сиро Коикэ"
 JAP_Rikizo_Hirano: "Рикизо Хирано"
 JAP_Kiesi_Akito: "Киёси Акито"
 JAP_Eucuko_Yamamoto: "Эйсукю Ямамото"
 JAP_Sanetaka_Itedze: "Санетака Итидзё"
 JAP_Sigeru_Esida: "Сигэру Ёсида"
 JAP_Kidzuro_Sidehara: "Кидзюро Сидэхара"
 JAP_Mosaburo_Sudzuki: "Мосабуро Судзуки"
 JAP_Tanomogi_Keykichi: "Таномоги Кейкичи"
 JAP_Akao_Bin: "Акао Бин"
 JAP_Sayondzi_Kimmoti: "Сайондзи Киммоти"
 JAP_Ogur_Masacune: "Огур Масацунэ"
 JAP_Esieki_Kavasima: "Ёсиюки Кавасима"
 JAP_Mineo_Osumi: "Минео Осуми"
 JAP_Tatsonusuke_Yamadzaki: "Тацуносукэ Ямадзаки"
 JAP_Tahakasi_Korekie: "Такахаси Корэкиё"
 JAP_Hachiro_Arita: "Хачиро Арита"
 JAP_Sigenosuke_Ushio: "Сигэносукэ Ушио"
 JAP_Hisaiti_Terauchi: "Хисаити Тэраучи"
 JAP_Osami_Nagano: "Осами Нагано"
 JAP_Eichi_Baba: "Эйичи Баба"
 JAP_Hadzime_Suguyame: "Хадзиме Сугияма"
 JAP_Kakiti_Kavarada: "Какити Каварада"
 JAP_Suehiko_Shiono: "Суэхико Шионо"
 JAP_Takuo_Godo: "Такуо Годо"
 JAP_Koiti_Kido: "Коити Кидо"
 JAP_Yoriyasu_Arima: "Ёриясу Арима"
 JAP_Okinori_Kaya: "Окинори Кая"
 JAP_Rutaro_Nagayi: "Рютаро Нагаи"
 JAP_Seishiro_Itagaki: "Сейширо Итагаки"
 JAP_Kitisaburo_Nomura: "Китисабуро Номура"
 JAP_Sunroku_Hata: "Сюнроку Хата"
 JAP_Dzengo_Yosida: "Дзэнго Ёсида"
 JAP_Naoshi_Ohara: "Наоши Охара"
 JAP_Kadzuo_Aoki: "Кадзуо Аоки"
 JAP_Ukio_Sakarauchi: "Юкио Сакараучи"
 JAP_Gindziro_Fudzivara: "Гиндзиро Фудзивара"
 JAP_Kosiro_Oikava: "Косиро Ойкава"
 JAP_Akira_Kazami: "Акира Казами"
 JAP_Eidzi_Yasui: "Эйдзи Ясуи"
 JAP_Shigetari_Shimado: "Шигетари Шимадо"
 JAP_Kishi_Nobosune: "Киши Нобосукэ"
 JAP_Shigenori_Togo: "Шигенори Того"
 JAP_Nobumasa_Suecegu: "Нобумаса Суэцугу"
 JAP_Tosio_Siratori: "Тосио Сиратори"
 JAP_Tsuda_Cingo: "Цуда Синго"
 JAP_Sogo_Sindzi: "Сого Синдзи"
 JAP_Miyadzaki_Masaesi: "Миядзаки Масаёси"
 JAP_Gotaro_Ogava: "Готаро Огава"
 JAP_Nakadzima_Yadanji: "Накадзима Яданджи"
 JAP_Eikiti_Katsuta: "Эйкити Кацута"
 JAP_Ota_Masataka: "Ота Масатака"
 JAP_Kogure_Budayu: "Когуре Будаю"
 JAP_Tadziri_Seigo: "Тадзири Сейго"
 JAP_Itiro_Hitoyama: "Итиро Хитояма"
 JAP_Enedzo_Maeda: "Ёнедзо Маэда"
 JAP_Kenkichi_Esidzava: "Кенкичи Ёсидзава"
 JAP_Mamoru_Sigemitsu: "Мамору Сигэмицу"
 JAP_Hirose_Toyosaku: "Хиросэ Тойосаку"
 JAP_Hiroya_Ino: "Хироя Ино"
 JAP_Kaya_Okinori: "Кайя Окинори"
 JAP_Isivaro_Sotaro: "Исивато Сотаро"
 JAP_Kumatora_Honda: "Куматора Хонда"
 JAP_Kodzima_Seiti: "Кодзима Сейити"
 JAP_Kodziro_Sugimori: "Кодзиро Сугимори"
 JAP_Suehiko_Nisio: "Суехиро Нисио"
 JAP_Inedziro_Asanuma: "Инэдзиро Асанума"
 JAP_Jotaro_Kavakami: "Джотаро Каваками"
 JAP_Nisida_Mitsugi: "Нисида Мицуги"
 JAP_Sakichi_Mitsui: "Сакичи Мицуи"
 JAP_Ru_Saito: "Рю Сайто"
 JAP_Rehei_Uchida: "Рёхей Учида"
 JAP_Kodzaburo_Tachibana: "Кодзабуро Тачибана"
 JAP_Nisse_Inoye: "Ниссё Иноуэ"
 JAP_Onisaburo_Deguti: "Онисабуро Дэгути"
 JAP_Satomi_Katoshi: "Сатоми Катоши"
 JAP_Ikeda_Shigeaki: "Икеда Шигеаки"
    #CORPS COMMANDERS#
 JAP_Hisao_Tani: "Хисао Тани"
 JAP_Kesago_Nakajima: "Кэсаго Накадзима"
 JAP_Yasuhiko_Asaka: "Ясухико Асака"
 JAP_Kiosi_Kavasima: "Киоси Кавасима"
 JAP_Sigure_Hondze: "Сигурэ Хондзё"
 JAP_Kohey_Kasii: "Кохэй Касии"
 JAP_Satoshi_Kofudzi: "Сатоши Кофудзи"
 JAP_Tokeo_Hori: "Такео Хори"
 JAP_Heisuke_Yanagava: "Хэйсукэ Янагава"
 JAP_Hideki_Todze: "Хидэки Тодзё"
 JAP_Prince_Kotohito: "Принц Котохито"
 JAP_Prince_Naruhito: "Принц Нарухико"
 JAP_Masanobu_Cudzi: "Масанобу Цудзи"
 JAP_Kingoro_Hasimoto: "Кингоро Хасимото"
 JAP_Daisaku_Komoto: "Дайсаку Комоту"
 JAP_Masakasu_Matsumara: "Масакасу Мацумара"
 JAP_Esio_Kudo: "Ёсио Кудо"
 JAP_Toshihiro_Obata: "Тошиширо Обата"
 JAP_Isamu_Cho: "Исаму Чо"
 JAP_Dziro_Minami: "Дзиро Минами"
 JAP_Esicuko_Tatekava: "Ёсицугу Татэкава"
 JAP_Ko_Sieku: "Ко Сиёку"
 JAP_I_Un: "И Ун"
 JAP_Aritomo_Goto: "Аритомо Гото"
 JAP_Eidzi_Goto: "Эйдзи Гото"
 JAP_Boshiro_Hosogaya: "Боширо Хосогая"
 JAP_Tsunejero_Isii: "Цунеджиро Исии"
 JAP_Redza_Nakamura: "Рёдзо Накамура"
 JAP_Tuiti_Nagumo: "Тюити Нагумо"
 JAP_Mitsumi_Simidzu: "Мицуми Симидзу"
 JAP_Nisidzo_Tsukahara: "Нисидзо Цукахара"
    #FIELD MARSHALS#
 JAP_Teikiti_Hori: "Тейкити Хори"
 JAP_Katsunoshin_Yamanasi: "Кацуношин Яманаси"
 ########
 
 BEL_jacques_mesnil: "Jacques Mesnil"
 BEL_leon_lesoil: "Leon Lesoil"
 BEL_julien_lahaut: "Julien Lahaut"
 BEL_staf_de_clercq: "Staf De Clercq"
 BEL_leopold_iii: "Leopold III"
 BEL_maximilien_de_neve_de_roden: "Maximilien de Neve de Roden"
 BEL_libertelie_thomas: "Libert-Elie Thomas"
 BEL_jeanbaptiste_piron: "Jean-Baptiste Piron"
 BEL_eugene_leopold_jean_vantrooyen: "Eugene-Leopold-Jean Vantrooyen"
 BEL_emile_vandervelde: "Emile Vandervelde"
 BEL_henri_de_man: "Henri de Man"
 BEL_emile_coulonvaux: "Emile Coulonvaux"
 BEL_paul_emile_janson: "Paul-Emile Janson"
 BEL_josef_grohe: "Josef Grohe"
 
 FLA_joris_van_severen: "Joris Van Severen"
 FLA_frans_van_cauwelaert: "Frans Van Cauwelaert"
 FLA_jef_van_extergem: "Jef Van Extergem"
 
 LUX_joseph_bech: "Joseph Bech"
 LUX_damian_kratzenberg: "Damian Kratzenberg"
 LUX_charlotte: "Charlotte"
 LUX_charles_marx: "Charles Marx"
 LUX_emile_speller: "Emile Speller"
 LUX_felix_de_bourbon_parma: "Felix de Bourbon-Parma"
 LUX_guillaume_konsbruck: "Guillaume Konsbruck"
 LUX_jean_bourg: "Jean Bourg"
 LUX_victor_abens: "Victor Abens"
 
 BLR_vasil_zacharka: "Vasil Zacharka"
 BLR_radaslau_astrouski: "Radasłaŭ Astroŭski"
 BLR_panteleimon_ponomarenko: "Panteleimon Ponomarenko"
 BLR_adam_stankievic: "Adam Stankievič"
 BLR_augustyn_i_czartoryski: "Augustyn I Czartoryski"
 BLR_francisak_kusal: "Francišak Kušal"
 BLR_michas_hanko: "Michaś Hańko"
 BLR_michal_vituska: "Michał Vituška"
 BLR_dzmitryj_kasmovic: "Dzmitryj Kasmovič"
 
 UKR_kost_levitsky: "Kost Levitsky"
 UKR_yevhen_konovalets: "Yevhen Konovalets"
 UKR_stepan_bandera: "Stepan Bandera"
 
 SPR_manuel_azana: "Manuel Azana"
 SPR_jose_gil_robles: "Jose María Gil-Robles"
 SPR_marino_rodriguez_vazquez: "Mariano Rodríguez Vazquez"
 SPR_domingo_batet_mestres: "Domingo Batet Mestres"
 SPR_juan_hernandez_saravia: "Juan Hernandez Saravia"
 SPR_francisco_llano_de_la_encomienda: "Francisco Llano de la Encomienda"
 SPR_segismundo_casado_lopez: "Segismundo Casado Lopez"
 SPR_carlos_romero_gimenez: "Carlos Romero Gimenez"
 SPR_ildefonso_puigdengolas: "Ildefonso Puigdengolas"
 SPR_diego_baeza_soto: "Diego Baeza Soto"
 SPR_jose_aranguren_roldan: "Jose Aranguren Roldan"
 SPR_mariano_gamir_ulibarri: "Mariano Gamir Ulíbarri"
 SPR_adolfo_prada_vaquero: "Adolfo Prada Vaquero"
 SPR_luis_barcelo_jover: "Luis Barcelo Jover"
 SPR_etelvino_vega_martinez: "Etelvino Vega Martínez"
 SPR_voldemars_ozols: "Voldemārs Ozols"
 SPR_nilamon_toral_azcona: "Nilamon Toral Azcona"
 SPR_cipriano_mera: "Cipriano Mera"
 SPR_ricardo_sanz_garcia: "Ricardo Sanz García"
 SPR_sebastian_sanchez: "Sebastian Sanchez"
 SPR_jose_giral_pereyra: "José Giral Pereyra"
 SPR_jose_calvo_sotelo: "José Calvo Sotelo"
 SPR_lina_odena: "Lina Ódena"
 SPR_eduardo_medrano_rivas: "Eduardo Medrano Rivas"

 SPA_jose_sanjurjo: "Jose Sanjurjo" 
 SPA_carlos_asensio_cabanillas: "Carlos Asensio Cabanillas"
 SPA_manuel_goded_llopis: "Manuel Goded Llopis"
 SPA_antonio_aranda: "Antonio Aranda"
 SPA_andres_saliquet: "Andres Saliquet Zumeta"
 SPA_fernando_moreno_calderon: "Fernando Moreno Calderon"
 SPA_juan_vigon_suero_diaz: "Juan Vigón Suero-Díaz"
 
 ARA_joaquin_ascaso_budria: "Joaquín Ascaso Budría"
 ARA_gaspar_torrente: "Gaspar Torrente"
 ARA_jesus_gracia: "Jesus Gracia"
 ARA_benito_pabon: "Benito Pabon"
 ARA_custodio_penarrocha: "Custodio Penarrocha"
 ARA_jose_duque: "Jose Duque"
 ARA_evaristo_vinuales: "Evaristo Vinuales"
 ARA_jose_ruiz_borao: "Jose Ruiz Borao"
 ARA_adolfo_arnal: "Adolfo Arnal"
 
 CAT_lluis_companys: "Lluís Companys"
 CAT_josep_irla_i_bosch: "Josep Irla i Bosch"
 CAT_juan_comorera: "Juan Comorera"
 CAT_victor_alba: "Víctor Alba"
 CAT_garcia_birlan: "Antonio García Birlan"
 CAT_josep_rovira: "Josep Rovira i Canals"
 CAT_carmel_rosa_baserba: "Carmel Rosa Baserba"
 CAT_josep_tarradellas: "Josep Tarradellas"
 CAT_josep_irla: "Josep Irla"
 CAT_joan_fabregas: "Joan Fabregas"
 CAT_antonio_garcia_birlan: "Antonio Garcia Birlan"
 CAT_miguel_valdes: "Miguel Valdes"
 CAT_jose_calvet: "Jose Calvet"
 
 BAS_eliodoro_de_la_torre: "Eliodoro de La Torre"
 BAS_telesforo_monzon: "Telesforo Monzon"
 BAS_santiago_aznar: "Santiago Aznar"
 BAS_alfredo_espinosa: "Alfredo Espinosa Orive"
 BAS_juan_astigarribia: "Juan Astigarrabia Andonegui"
 BAS_gonzalo_nardiz: "Gonzalo Nardiz"
    
 SNT_domingo_jose_samperio: "Domingo Jose Samperio"
 SNT_alfonso_orallo: "Alfonso Orallo"
 SNT_manuel_ramos: "Manuel Ramos"
 SNT_feliciano_lanza: "Feliciano Lanza"
 SNT_timoteo_chapero_fernandez: "Timoteo Chapero Fernandez"
 SNT_teodoro_quiljano: "Teodoro Quijano"
 SNT_antonia_vayaz_gutierrez: "Antonio Vayas Gutierrez"
 SNT_angel_escobio_andraca: "Angel Escobio Andraca"
 
 ASU_belarmino_tomas: "Belarmino Tomás"
 ASU_rafael_fernandez: "Rafael Fernández Alvarez"
 ASU_segundo_blanco: "Segundo Blanco"
 ASU_ramon_posada: "Ramon Posada"
 ASU_antonio_ortega: "Antonio Ortega Gutierrez"
 ASU_jose_maldonado: "Jose Maldonado"
 ASU_gonzalo_lopez: "Gonzalo Lopez Abente"
    
 VLA_juan_tejon: "Juan Tejon"
 VLA_gonzalo_navacerrada: "Gonzalo Navacerrada"
 VLA_miguel_san_andres: "Miguel San Andres"
 VLA_bosch_morata: "Francisco Bosch Morata"
 VLA_juan_lopez: "Juan Lopez Sanchez"
 VLA_antonio_sanchez: "Antonio Sanchez"
 
 POR_henrique_galvao: "Henrique Galvao"
 POR_manuel_goncalves_cerejeira: "Manuel Gonçalves Cerejeira"
 POR_emidio_santana: "Emidio Santana"
 POR_portugal_technocratic_council: "Portugal Technocratic Council"
 POR_antonio_oscar_de_fragoso_carmona: "Antonio Oscar de Fragoso Carmona"
 POR_castro_bilstein_menezes: "Castro Bilstein Menezes"
 POR_augusto_manuel_farinha_beirao: "Augusto Manuel Farinha Beirão"
 POR_raul_augusto_esteves: "Raul Augusto Esteves"
 POR_anibal_cesar_valdez_de_passos_e_sousa: "Aníbal César Valdez de Passos e Sousa"
 POR_joao_tamagnini_barbosa: "João Tamagnini Barbosa"
 POR_artur_carlos_de_barros_basto: "Artur Carlos de Barros Basto"
 POR_jose_mendes_cabecadas: "José Mendes Cabeçadas"
 POR_luis_magalhaes_correia: "Luís Magalhães Correia"
 POR_americo_tomas: "Américo Tomás"
 POR_abilio_passos_sousa: "Abílio Passos e Sousa"
 POR_julio_dantas: "Júlio Dantas"
 POR_duarte_leite: "Duarte Leite"
 POR_antonio_maria_da_silva: "António Maria da Silva"
 POR_jose_antonio_simoes_raposo_junior: "José António Simões Raposo Júnior"
 POR_domingos_mauricio_gomes_dos_santos: "Domingos Maurício Gomes dos Santos"
 POR_antonio_lino_neto: "António Lino Neto"
 POR_martinho_nobre_de_melo: "Martinho Nobre de Melo"
 POR_jose_adriano_pequito_rebelo: "Jose Adriano Pequito Rebelo"
 POR_franklim_antonio_de_oliveira: "Franklim António de Oliveira"
 POR_joao_francisco_de_barbosa_azevedo_joao_ameal: "João Francisco de Barbosa Azevedo João Ameal"
 POR_carolina_loff_da_fonseca: "Carolina Loff da Fonseca"
 POR_francisco_de_paula_oliveira: "Francisco de Paula Oliveira"
 POR_julio_de_melo_fogaca: "Júlio de Melo Fogaça"
 POR_jose_gregorio: "José Gregório"
 POR_candida_ventura: "Cândida Ventura"
 POR_serafim_cardoso_lucena: "Serafim Cardoso Lucena"
 POR_ortins_manuel_bettencourt: "Manuel Ortiz Torres de Bettencourt"
 POR_jose_filipe_rodrigues_de_barros: "José Filipe de Barros Rodrigues"
 POR_manuel_juaquim_de_sousa: "Manuel Juaquim de Sousa"
 POR_alexandre_vieira: "Alexandre Vieira"
 POR_mario_castelhano: "Mario Castelhano"
 POR_jose_da_silva_santos_scratch: "Jose da Silva Santos Scratch"
 POR_aurelio_quintanilla: "Aurelio Quintanilla"
 POR_duarte_nuno: "Duarte Nuno"
 POR_maria_pia_de_braganca: "Maria Pia de Braganca"
 POR_jose_fernando_de_sousa: "José Fernando de Sousa"
 POR_joao_de_almeida: "João de Almeida"
 POR_jose_moreira: "José Moreira"
 POR_ludgero_pinto_basto: "Ludgero Pinto Basto"
 POR_sergio_vilarigues: "Sérgio Vilarigues"
 POR_antonio_dias_lourenco: "Antonio Dias Lourenco"
 POR_francisco_miguel_duarte: "Francisco Miguel Duarte"
 POR_joaquim_pires_jorge: "Joaquim Pires Jorge"
 POR_rui_coelho: "Rui Coelho"
 POR_eduardo_afonso_viana: "Eduardo Afonso Viana"
 POR_luis_carlos_de_lima_de_almeida_braga: "Luís Carlos de Lima de Almeida Braga"
 POR_antonio_rodrigues_cavalheiro: "António Rodrigues Cavalheiro"
 POR_tomas_da_camara: "Tomás da Câmara"
 POR_jose_maria_do_espirito_santo_de_almeida_correia: "José Maria do Espírito Santo de Almeida Correia de Sá"
 POR_jose_ricardo_pereira_cabral: "José Ricardo Pereira Cabral"
 POR_rodrigo_de_queiros: "Rodrigo de Queirós"
 POR_francisco_rolao_preto: "Francisco Roland Preta"
 POR_henrique_de_paiva_couceiro: "Enrique de Paiva Causeiro"
 POR_jose_caeiro_da_mata: "Jose Caeiro da Mata"
 POR_antonio_carneiro_pacheco: "Antonio Carniero Pachecco"
 POR_joao_pinto_da_costa: "Joan Pinto da Costa"
 POR_rafael_duque: "Rafael Duque"
 POR_armando_humberto_da_gama_ochoa: "Armando Humberto da Gama Ochoa"
 POR_armando_pereira_de_castro_agatao_lanca: "Armando Pereira de Castro Agatão Lança"
 POR_jose_mendes_dos_reis: "José Mendes dos Reis"
 POR_bernardino_machado: "Bernardino Machado"
 POR_afonso_augusto_da_costa: "Afonso Augusto da Costa"
 POR_jaime_cortesao: "Jaime Cortesão"
 POR_antonio_sergio: "António Sérgio"
 POR_jaime_de_morais: "Jaime de Morais"
 POR_joao_maria_ferreira_sarmento_pimentel: "João Maria Ferreira Sarmento Pimentel"
 POR_armando_cortesao: "Armando Cortesão"
 POR_jose_domingues_dos_santos: "José Domingues dos Santos"
 POR_manuel_pestana_junior: "Manuel Pestana Júnior"
 POR_mario_de_azevedo_gomes: "Mário de Azevedo Gomes"
 POR_amilcar_ramada_curto: "Amílcar Ramada Curto"
 POR_alberto_monsaraz: "Alberto Monsaraz"
 
 NOR_johan_nygaardsvold: "Johan Nygaardsvold"
 NOR_vidkun_quisling: "Vidkun Quisling"
 NOR_johan_ludwig_mowinckel: "Johan Ludwig Mowinckel"
 NOR_carl_gustav_fleischer: "Carl Gustav Fleischer"
 NOR_elias_corneliussen: "Elias Corneliussen"
 NOR_adam_hjalmar_egedenissen: "Adam Hjalmar Egede-Nissen"
 NOR_haakon_vii: "Haakon VII"
 NOR_jens_bjorneboe: "Jens Bjørneboe"
 NOR_skule_storheil: "Skule Storheil"
 NOR_ole_reistad: "Ole Reistad"
 NOR_tryggve_gran: "Tryggve Gran"
 NOR_birger_ljungberg: "Birger Ljungberg"
 NOR_henry_diesen: "Henry Diesen"
 NOR_willhelm_von_tangen_hansteen: "Wilhelm von Tangen-Hansteen"
 NOR_alfred_roscher_lund: "Alfred Roscher-Lund"
 NOR_konrad_sundlo: "Konrad Sundlo"
 NOR_otto_ruge: "Otto Ruge"
 NOR_jacob_von_der_lippe: "Jacob von der Lippe"
 NOR_kristian_laake: "Kristian Laake"
 NOR_hjalmar_riiser_larsen: "Hjalmar Riiser-Larsen"
 NOR_bjarne_oen: "Bjarne Øen"
 NOR_edgar_otto: "Edgar Otto"
 NOR_adolf_indrebo: "Adolf Indrebø"
 NOR_halvdan_koht: "Halvdan Koht"
 NOR_trygve_halvdan_lie: "Trygve Halvdan Lie"
 
 YUG_nikola_tesla: "Nikola Tesla"
 YUG_petar_bojovic: "Petar Bojovic"
 YUG_franjo_simic: "Franjo Šimić"
 
 ROM_horia_sima: "Horia Sima"
 ROM_eugen_relgis: "Eugen Relgis"
 ROM_petre_barbuneanu: "Petre Bărbuneanu"
 
 BUL_mihail_gerdzhikov: "Mihail Gerdzhikov"
 BUL_nikola_mikhov: "Nikola Mikhov"
 BUL_prince_kiril: "Prince Kiril"
 BUL_konstantin_ivanov: "Konstantin Ivanov"
 BUL_daskalov_asen: "Asen Daskalov"
 
 AUS_ludwig_von_eimannsberger: "Ludwig von Eimannsberger"
 AUS_alfred_jansa_von_tannenau: "Alfred Jansa von Tannenau"
 AUS_eduard_barger: "Eduard Barger"
 
 HUN_karoly_bartha: "Karoly Bartha"
 HUN_istvan_naday: "Istvan Naday"
 HUN_vilmos_nagy: "Vilmos Nagy"
 HUN_duska_laszlo: "Duska Laszlo"
 HUN_kornel_oszlanyi: "Kornel Oszlanyi"
 HUN_dome_sztojay: "Döme Sztojay"
 HUN_ferenc_koszorus: "Ferenc Koszorús"
 HUN_pisky_zoltan: "Pisky Zoltan"
 HUN_ludwig_deak: "Ludwig Deák"
 
 CZE_edvard_benesh: "Edvard Benes"
 CZE_radola_gajda: "Radola Gajda"
 CZE_emil_hacha: "Emil Hacha"
 CZE_jan_syrovy: "Jan Syrovy"
 CZE_adolph_schwarzenberg: "Adolph Schwarzenberg"
 CZE_vaclav_vosecek: "Václav Voseček"
 CZE_Konstantin_von_Neurath:0 "Konstantin von Neurath"
 
 SWI_margarethe_faashardegger: "Margarethe Faas-Hardegger"
 
 TUR_Omer_Faruk_Osmanoglu: "Ömer Faruk Efendi"
 TUR_ahmet_hulusi_alatas: "Ahmet Hulusi Alataş" 
 TUR_sukru_saracoglun: "Şukru Saracoglu"
 TUR_alparslan_turkes: "Alparslan Türkeş"
 TUR_suleyman_sefik_pasha: "Süleyman Şefik Pasha"
 TUR_ethem_cherkes: "Çerkes Ethem"
 TUR_fuat_agrali: "Fuat Agrali"
 TUR_kazim_ozalp: "Kazım Ozalp"
 TUR_mehmet_fuat_koprulu: "Mehmet Fuat Koprulu"
 TUR_resat_muhlis_erkmen: "Reşat Muhlis Erkmen"
 TUR_mehmet_sakir_kesebir: "Mehmet Şakir Kesebir"
 TUR_ali_riza_artunkal: "Ali Rıza Artunkal"
 TUR_vehbi_koc: "Vehbi Koc"
 TUR_sabit_noyan: "Sabit Noyan"
 TUR_kemal_dogan: "Kemal Dogan"
 TUR_hakki_akoguz: "Hakkı Akoğuz"
 TUR_ali_sait_akbaytogan: "Ali Sait Akbaytogan"
 TUR_abdullah_alpdogan: "Abdullah Alpdoğan"
 TUR_yakup_sevki_subasi: "Yakup Şevki Subaşı"
 TUR_muzaffer_tugsavul: "Muzaffer Tuğsavul"
 TUR_tahsin_yazici: "Tahsin Yazıcı"
 TUR_ali_fuat_erden: "Ali Fuat Erden"
 TUR_feyzi_menguc: "Feyzi Menguc"
 TUR_mursel_baku: "Mürsel Bakü"
 TUR_kurtcebe_noyan: "Kurtcebe Noyan"
 TUR_ali_fethi_okyar: "Ali Fethi Okyar"
 TUR_kazim_karabekir: "Kâzım Karabekir"
 TUR_nihal_atsyz: "Nihâl Atsız"
 TUR_sevket_aydemir: "Şevket Aydemir"
 TUR_ahmet_agaoglu: "Ahmet Ağaoğlu"
 TUR_rashit_cherkes: "Çerkes Reşit"
 TUR_tefvik_cherkes: "Çerkes Tevfik"
 TUR_demirci_mehmet_efe: "Demirci Mehmet Efe"
 TUR_said_nursi: "Said Nursî"
 TUR_nuri_demirag: "Nuri Demirağ"
 
 GRE_michel_pablo: "Michel Pablo"
 GRE_konstantinos_speras: "Konstantinos Speras"
 GRE_georgios_ii: "Georgios II"
 GRE_maraveas_vasilios: "Maraveas Vasilios"
 GRE_efstathios_liosis: "Efstathios Liosis"
 GRE_ioannis_pitsikas: "Ioannis Pitsikas"
 GRE_ioannis_paparrodou: "Ioannis Paparrodou"
 GRE_konstantinos_davakis: "Konstantinos Davakis"
 GRE_vasileios_vrachnos: "Vasileios Vrachnos"
 GRE_alexandros_koryzis: "Alexandros Koryzis"
 GRE_themiastoklis_sofoulis: "Themistoklis Sofoulis"
 GRE_chrysanthus_of_athens: "Chrysanthus of Athens"
 GRE_manolis_mantakas: "Manolis Mantakas"
 
 FIN_per_evind_svinhuvud: "Per Evind Svinhuvud"
 FIN_fredrik_kaarle_i: "Fredrik Kaarle I"
 FIN_kullervo_manner: "Kullervo Manner"
 FIN_aaro_pajari: "Aaro Pajari"
 FIN_eero_pakkala: "Eero Pakkala"
 
 SDT_konrad_henlein: "Konrad Henlein"
 SDT_ludwig_czech: "Ludwig Czech"
 SDT_franz_spina: "Franz Spina"
 
 ARM_garegin_nzhdeh: "Garegin Nzhdeh"
 ARM_avetis_aharonyan: "Avetis Aharonian"
 ARM_jacques_bagratuni: "Jacques Bagratuni"
 ARM_drastamat_kanayan: "Drastamat Kanayan"
 ARM_christophor_araratyan: "Christiphor Araratyan"
 ARM_movses_silikyan: "Movses Silikyan"
 ARM_ruben_tir_minasian: "Ruben Tir-Minasian"
 
 GEO_noe_zhordania: "Noe Zhordania"
 
 ABK_kirilli_bechvaya: "Kirilli Bechvaya"
 ABK_arzakan_emukhvari: "Arzakan Emukhvari"
 ABK_simon_basaria: "Simon Basaria"
 ABK_alexander_shervashidze_chachba: "Alexander Shervashidze-Chachba"
 
 ADJ_ismail_futkaradze: "Ismail Futkaradze"
 ADJ_memed_abashidze: "Memed Abashidze"
 ADJ_yauz_khimshiashvili_adjar: "Yauz Khimshiashvili-Adjar"
 
 KAZ_uzukbai_kulumbetov: "Uzukbai Kulumbetov"
 KAZ_ahmet_baitursynov: "Ahmet Baitursinov"
 KAZ_mustafa_shokay: "Mustafa Shokay"
 KAZ_karis_kanatbay: "Karis Kanatbay"
 
 ZIM_godfrey_huggins: "Godfrey Huggins"
 
 SAF_c_f_stallard: "Charles Frampton Stallard"
 SAF_louis_weichardt: "Louis Weichardt"
 SAF_rachel_simons: "Rachel Simons"
 SAF_isaac_pierre_de_villiers: "Isaac Pierre de Villiers"
 SAF_christoffel_venter: "Christoffel Venter"
 SAF_daniel_hermanus_pienaar: "Daniel Hermanus Pienaar"
 SAF_basil_schonland: "Basil Schonland"
 
 NMB_david_gideon_conradie: "David Gideon Conradie"
 
 MDA_sergey_pavlov: "Sergey Pavlov"
 MDA_fyodor_abramov: "Fyodor Abramov"
 MDA_mikhail_grabbe: "Mikhail Grabbe"
 
 RAJ_freeman_freeman_thomas: "Freeman Freeman-Thomas"
 RAJ_lord_linlithgow: "Victor Alexander John Hope"
 RAJ_jawaharlal_nehru: "Jawaharlal Nehru"
 
 PER_reza_shah_pahlavi: "Reza Shah Pahlavi"
 PER_mohamed_nakhashab: "Mohamed Nakhashab"
 PER_mohammed_reza_pahlavi: "Mohammed Reza Pahlavi"
 PER_khalil_maleki: "Khalil Maleki"
 PER_habiballah_nowbakt: "Habiballah Nowbakt"
 PER_hassan_taqizadeh: "Hassan Taqizadeh"
 PER_zia_ol_din_tabatabaee: "Zia ol Din Tabatabaee"
 PER_taqi_arani: "Taqi Arani"
 PER_iraj_eskandari: "Iraj Eskandari"
 PER_allahyar_saleh: "Allah-Yar Saleh"
 PER_mohammad_hassan_mirza: "Mohammad Hassan Mirza"
 PER_hamid_mirza: "Hamid Mirza"
 PER_abu_l_hasan_al_isfahani: "Abu l-Hasan al-Isfahani"
 PER_seyed_hossein_boroujerdi: "Seyyed Hossein Borujerdi"
 PER_mohammed_ali_foroughi: "Mohammad Ali Foroughi"
 PER_ernest_perron: "Ernest Perron"
 PER_seyed_bagher_qasemi: "Seyed Bagher Qasemi"
 PER_fereydoun_keshavarz: "Fereydoun Keshavarz"
 PER_mohamed_tadayon: "Mohammad Tadayyon"
 PER_gholam_ali_farivar: "Gholam-Ali Farivar"
 PER_mostafa_fateh: "Mostafa Fateh"
 PER_muhammad_taqi_bahar: "Mohammad-Taqi Bahar"
 PER_arthur_millsp: "Arthur Millspaugh"
 PER_ali_mansur: "Ali Mansur"
 PER_abolqasem_nadjm: "Abolqasem Najm"
 PER_javad_sad: "Javad Sad"
 PER_khalil_fahimi: "Khalil Fahimi"
 PER_shamseddin_amir_alaei: "Shamseddin Amir-Alaei"
 PER_mohsen_rais: "Mohsen Rais"
 PER_ibrahim_hakimi: "Ibrahim Hakimi"
 PER_mohammed_saed: "Mohammed Saed"
 PER_ahmad_matin_daftari: "Ahmad Matin-Daftari"
 PER_mohammad_mosaddegh: "Mohammad Mosaddegh"
 PER_tadj_ol_molouk: "Tadj ol-Molouk"
 PER_morteza_yazdi: "Morteza Yazdi"
 PER_mohammad_shahbakhti: "Mohammad Shahbakhti"
 PER_fazlollah_zahedi_theorist: "azlollah Zahedi"
 PER_karim_buzarjomehri: "Karim Buzarjomehri"
 PER_ahmad_amir_ahmadi: "Ahmad Amir-Ahmadi"
 PER_ahmad_khan_nakhjavan: "Ahmad Nakhjavan"
 PER_gholamali_bayandor: "Gholamali Bayandor"
 PER_yadollah_bayandor: "Yadollah Bayandor"
 PER_fazlollah_zahedi: "Fazlollah Zahedi"
 PER_amanullah_jahanbani: "Amanullah Jahanbani"
 PER_hassan_arfa: "Hassan Arfa"
 PER_haj_ali_razmara: "Haj Ali Razmara"
 PER_assadollah_hosseinpoor: "Assadollah Hosseinpoor"
 PER_mohammadhosayn_ayrom: "Mohammad Hosayn Ayrom"
 PER_morteza_yazdanpanah: "Morteza Yazdenpanah"
 PER_teymur_bakhtiar: "Teymur Bakhtiar"
 PER_mohammadvali_gharani: "Mohammad-Vali Gharani"
 PER_jafar_shafaghat: "Jafar Shafaghat"
 PER_hedayat_gilanshah: "Hedayat Gilanshah"
 PER_hossein_tabatabaei_qomi: "Hossein Tabatabaei Qomi"
 PER_hassan_tabatabaei_qomi: "Hassan Tabatabaei Qomi"
 PER_sayyid_hasan_mudarris: "Sayyid Hasan Mudarris"
 PER_abolghasem_kashani: "Abol-Ghasem Kashani"
 PER_mahmoud_taleghani: "Mahmoud Taleghani"
 
 QAS_mohammad_nasser_khan_qashqai: "Mohammad Nasser Khan Qashqai"
 QAS_kosrow_khan_qashqai: "Kosrow Khan Qashqai"
 QAS_bernhardt_schulze_holthus: "Bernhardt Schulze-Holthus"
 QAS_nasser_shah: "Nasser Shah Qashqai"
 
 KHU_khazal_bin_jabir: "Khaz'al bin Jabir"
 KHU_abdullah_bin_khazal: "Abdullah bin Khaz'al"
 KHU_hassan_nezam: "Hassan Nezam"
 
 APG_jafar_pishewari: "Ja'far Pishevari"
 APG_jafar_kavian: "Ja'far Kavian"
 APG_ghulam_yahya_daneshian: "Ghulam Yahya"
 APG_mohammad_biriya: "Mohammad Biriya"
 APG_rabi_ollah_kabiri: "Rabiollah Kabiri"
 APG_haji_mirza_ali_sabustari: "Haji Mirza Ali Sabustari"
 APG_fereydun_ebrahimi: "Fereydun Ebrahimi"
 
 MHB_qazi_muhammad: "Qazi Muhammad"
 MHB_hemin_mukriyani: "Hemin Mukriyani"
 MHB_haji_baba_sheikh: "Haji Baba Sheikh"
 MHB_muhammad_husain_saif: "Muhammad Husain Saif"
 MHB_mustafa_barzani: "Mustafa Barzani"
 
 IRQ_ghazi_i: "Ghazi I"
 IRQ_rashid_ali_algaylani: "Rashid Ali al-Gaylani"
 IRQ_yusuf_salman_yusuf: "Yusuf Salman Yusuf"
 IRQ_yasin_alhashimi: "Yasin al-Hashimi"
 IRQ_kamil_shabib: "Kamil Shabib"
 
 KRD_ihsan_nuri: "Ihsan Nuri"
 KRD_seyid_riza: "Seyid Riza"
 KRD_alisir: "Alişir"
 KRD_cebrail_aga_demenan: "Cebrail Ağa Demenan"
 KRD_kamer_aga_yusufan: "Kamer Ağa Yusufan"
 
 #AFG#
 
 #LEADERS# 
 AFG_Mohammad_Hashim_han: "Mohammad Hashim Khan"
 AFG_Fazl_Omar_Modjaddidi: "Fazl Omar Mojaddidi"
 AFG_Mohammad_Gul_han_Momand: "Muhammad Gul Khan Momand"
 AFG_Abdur_Rahim_Khan: "Abdur Rahim Khan"
 AFG_Ismail_Barhi: "Ismail Balkhi"
 AFG_Mirza_Ali_Han: "Mirza Ali Khan"
 AFG_Ibragim_Gausavar: "Ibrahim Gausavar"
 AFG_Amanulla: "Amanullah Khan"
 
 #ADVISORS#
 AFG_Mohammed_Zahir_Shah: "Mohammed Zahir Shah"
 AFG_Shah_Mahmud_Khan: "Shah Mahmud Khan"
 AFG_Ali_Muhammed_Lamari: "Mohammed Daoud Khan"
 AFG_Shah_Wali_Khan: "Shah Wali Khan"
 AFG_Ghulam_Haidar_Rasuli: "Ghulam Haider Rasuli"
 AFG_Asadullah_Khan_Siraj: "АAsadullah Khan Siraj"
 AFG_Muhammad_Kabir_Khan: "Muhammad Kabir Khan"
 AFG_Mohammed_Naim_Khan: "Muhammad Naim Khan"
 AFG_Mir_Ali_Ahmad_Khojat: "Mir Ali Ahmad Khojat"
 AFG_Abdul_Karim_Khan_Siraj: "Abdul Karim Khan"
 AFG_Humaira_Begum: "Humaira Begum"
 AFG_Ghulam_Mohammad_Farhad: "Ghulam Mohammad Farhad"
 AFG_Abdul_Majid_Zabuli: "Abdul Majid Zabuli"
 AFG_Junaid_Khan: "Junaid Khan"
 AFG_Sadi_Ogri: "Shady Ogri"
 AFG_Kamchi_bek: "Mahmoud Bek"
 AFG_Mirsa_Ali_Muhammad: "Mirza Ali Muhammad"
 AFG_Shen_Han_Nashir: "Sherkhan Nashir"
 AFG_Mazrak_Han_Zadran: "Mazrak Khan is Bullied"
 AFG_Gulam_Siddik_han: "Ghulam Siddiq Khan"
 AFG_Mir_Seid_Kasem_han_Lagmani: "Mir Seyid Kasem-Khan Laghmani"
 AFG_Lodina_Tadj_Muhammad_Pagmani: "Lodina Taj Muhammad Pagmani"
 AFG_Faiz_Muhammad_Ba_Rutsaz: "Faiz Muhammad Ba Rutsaz"
 AFG_Turabaz_Khan: "Turabaz Khan"
 AFG_Ali_Dust_Han: "Ali Dust Khan"
 AFG_Shah_Doleh_Han_Sapi: "Shah Doleh Khan Sapi"
 AFG_Mohammad_Alam_Han: "Mohammad Alam-KHan"
 
 #BRD#
 BRD_Pierre_Baranyanka: "Pierre Baranyanka"
 BRD_Ntare_V: "Ntare V"
 BRD_Mwambutsa_IV: "Mwambutsa IV"
 BRD_Raphael_Ndenzako: "Raphaël Ndenzako"
 RWA_Rwagataraka: "Rwagataraka"
 
 #RWA#
 RWA_Mutara_III: "Mutara III"
 RWA_Yuhi_V: "Juhi V"
 RWA_Fransua_Rukeba: "Francois Roukeba"
 RWA_Aleksis_Kagame: "Alexis Kagame"
 
 #BRW#
 BRW_eugene_jungers: "Eugene Junkers"
 BRW_leon_paul_classe: "Leon-Paul Klass"
 
 BPL_arthur_grenfell_wauchope: "Arthur Grenfell Wauchope"
 BPL_chaim_weizmann: "Chaim Weizmann"
 BPL_yitzhak_tabenkin: "Yitzhak Tabenkin"
 BPL_amin_al_husseini: "Amin al-Husseini"
 BPL_radvan_alhilu_musa: "Radvan Al-Hilu Musa"
 BPL_jabra_nicola: "Jabra Nicola"
 BPL_fawzi_al_qawuqji: "Fawzi al-Qawuqji"
 BPL_david_ben_gurion: "David Ben-Gurion"
 BPL_raghib_al_nashashibi: "Raghib al-Nashashibi"
 BPL_hassan_salamah: "Hassan Salamah"
 BPL_abd_al_qadir_al_hussayni: "Abd al-Qadir al-Hussayni"
 BPL_shmuel_mikunis: "Shmuel Mikunis"
 BPL_abba_ahimeir: "Abba Ahimeir"
 BPL_john_bagot_glubb: "John Bagot Glubb"
 BPL_frederick_peake: "Frederick Peake"
 BPL_yitzhak_sadeh: "Yitzhak Sadeh"
 BPL_yaakov_dori: "Yaakov Dori"
 
 GIL_ehsanollah_khan_dustdar: "Ehsanollah Khan Dustdar"
 GIL_mir_saleh_mozafarzadeh: "Mir Saleh Mozafarzadeh"
 GIL_reza_radmanesh: "Reza Radmanesh"
 
 TNR_tangier_administration: "Tangier Administration"
 
 SYR_sami_hilmy_al_hinnawi: "Sami Hilmy al-Hinnawi"
 SYR_hashim_al_atassi: "Hashim al-Atassi"
 SYR_antun_saadeh: "Antun Saadeh"
 SYR_ali_rida_pasha_rikabi: "Ali Rida Pasha Rikabi"
 SYR_khalid_bakdash: "Khalid Bakdash"
 SYR_salah_aldin_al_bitar: "Salah al-Din al-Bitar"
 
 LEB_emile_edde: "Émile Eddé"
 LEB_pierre_gemayel: "Pierre Gemayel"
 LEB_artin_madoyan: "Artin Madoyan"
 
 ALW_ernest_marie_hubert_schoeffler: "Ernest Marie Hubert Schoeffler"
 ALW_salman_almurshid: "Salman al-Murshid"
 ALW_zaki_alarsuzi: "Zakī al-Arsūzī"
 
 JDS_pierre_joseph_francois_tarrit: "Pierre-Joseph-François Tarrit"
 
 KUW_ahmad_al_jaber_al_sabah: "Ahmad Al-Jaber Al-Sabah"
    
 OMA_said_bin_taimur: "Said bin Taimur"
 OMA_shihab_bin_faisal: "Shihab bin Faisal"
 OMA_shaikh_harami: "Shaikh Harami"
 OMA_tariq_bin_taimur_al_said: "Tariq bin Taimur Al-Sa’id"
 OMA_ali_bin_salem: "Ali bin Sultan Salim bin Thuwaini"
 OMA_ahmed_bin_ibrahim: "Ahmed bin Ibrahim"
 OMA_hajj_moosa: "Haji Moosa"
 OMA_fahr_bin_taimur: "Fahr bin Taimur"
 OMA_said_bin_muslim_al_jabri: "Said bin Muslim Al Jabri"
 OMA_hamad_bin_faisal: "Hamad bin Faisal"
 
 IOM_issa_bin_salih_al_harthi: "Issa bin Salih al-Harthi"
 IOM_sheikh_saif_bin_rashid: "Sheikh Saif bin Rashid"
 IOM_sheikh_al_alamaha: "Sheikh al-Alamaha"
 IOM_najeeb_murtadhy_issa: "Najeeb Murtadhy Issa"
 IOM_mohammed_al_khalili: "Mohammed al-Khalili"
 IOM_kaseeb_fawzi_koury: "Kaseeb Fawzi Koury"
 IOM_shadin_farid_antar: "Shadin Farid Antar"
 IOM_salih_bin_issa_bin_salih_al_harthi: "Salih bin Issa bin Salih al-Harthi"
 IOM_ghalib_alhinai: "Ghalib al-Hinai"
 
 YEM_imam_yahya_hamididdin: "Yahya Hamidaddin"
 YEM_imam_yahya_hamididdin_caliph: "Caliph Yahya"
 YEM_ahmad_muhammad_numan: "Ahmad Muhammad Numan"
 YEM_hassan_tahsin_alfaqir: "Hassan Tahsin al-Faqir"
 YEM_ahmad_bin_yahya_hamididdin: "Ahmad bin Yahya Hamidaddin"
 YEM_hassan_bin_yahya_hamididdin: "Hassan bin Yahya Hamidaddin"
 YEM_ibrahim_bin_yahya_hamididdin: "Ibrahim bin Yahya Hamidaddin"
 YEM_ali_bin_yahya_hamididdin: "Ali bin Yahya Hamidaddin"
 YEM_abdullah_bin_ahmad_al_wazir: "Abdullah bin Ahmad al-Wazir"
 YEM_muhammad_al_zubayri: "Muhammad al-Zubayri"
 YEM_jamal_jamil: "Jamal Jamil"
 YEM_ahmed_yahya_al_thalaya: "Ahmed Yahya Al-Thalaya"
 YEM_hassan_alamri: "Hassan al-Amri"
 YEM_abdullah_assallal: "Abdullah al-Sallal"
 YEM_ali_bin_ahmad_al_wazir: "Ali bin Ahmad al-Wazir"
 YEM_carl_rathjens: "Carl Rathjens"
 
 EGY_mostafa_el_nahhas: "Mostafa El-Nahhas"
 EGY_ahmed_hussein: "Ahmed Hussein"
 EGY_miles_lampson: "Miles Lampson"
 EGY_fuad_i: "Fuad I"
 EGY_farouk_i: "Farouk I"
 EGY_henri_curiel: "Henri Curiel"
 EGY_georges_henein: "Georges Henein"
 EGY_naguib_muhammad: "Naguib Muhammad"
 EGY_ahmed_abdul_aziz: "Ahmed Abdul Aziz"
 EGY_hussein_refki: "Hussein Refki"
 EGY_mohammed_haidar: "Mohammed Haidar"
 EGY_suleiman_ezzat: "Suleiman Ezzat"
 EGY_mahmoud_el_nokrashy: "Mahmoud Fahmy Elnokrashy"
 EGY_huda_shaarawi: "Huda Shaarawi"
 EGY_hassan_al_banna: "Hassan al-Banna"
 EGY_ahmad_maher_pasha: "Ahmad Maher Pasha"
 EGY_aziz_ali_al_misri: "Aziz Ali al-Misri"
 
 QUA_Saleh_bin_Ghalib_Al_Quaiti: "Saleh bin Ghalib Al-Qu'aiti"
 
 KTH_Revolt_Council: "People's Council"
 KTH_Jafar_bin_Mansour_bin_Ghalib: "Jafar bin Mansour bin Ghalib"

 MHR_Ali_bin_Salem_bin_Saad_Al_Afrar: "Ali bin Salem bin Saad Al Afrar"
 
 INS_tan_malaka: "Tan Malaka"
 
 FIC_phan_boi_chau: "Phan Bôi Châu"
 FIC_ho_chi_minh: "Ho Chi Minh"
 FIC_ngo_dinh_diem: "Ngô Đình Diêm"
 FIC_rene_robin: "Rene Robin"
 FIC_georges_catroux: "Georges Catroux"
 FIC_ta_thu_thau: "Tạ Thu Thâu"
 
 KOR_kim_koo: "Kim Koo"
 KOR_kim_tu_bong: "Kim Tu-bong"
 KOR_pak_hon_yong: "Pak Hon-yong"
 KOR_kim_il_sung: "Kim Il-Sung"
 KOR_choe_hyon: "Choe Hyon"
 KOR_lee_beom_seok: "Lee Beom-seok"
 KOR_kim_won_bong: "Kim Won-bong"
 KOR_yi_un: "Yi Un"
 KOR_syngman_rhee: "Syngman Rhee"
 KOR_lyuh_woon_hyung: "Lyuh Woon-hyung"
 KOR_ji_cheong_cheon: "Ji Cheong-cheon"
 KOR_o_gwang_sim: "O Gwang-sim"
 
 SIA_phraya_phahon: "Phraya Phahonphonphayuhasena"
 SIA_plaek_phibunsongkhram: "Plaek Phibunsongkhram"
 SIA_rama_vii: "Rama VII"
 SIA_pridi_banomyong: "Pridi Phanomyong" 
 SIA_luang_chattrakankosol: "Luang Chattrakankosol" 
 SIA_phao_siyanon: "Phao Siyanon" 
 
 EHB_yin_jukeng: "Yin Ju-keng"
 EHB_li_haitian: "Ли Хаитянь" 
 EHB_zhao_lei: "Чжао Лэй"
 EHB_yin_tixin: "Инь Тисинь"
 EHB_wang_xiacai: "Ван Сяцай"
 EHB_li_yunsheng: "Ли Юньшэн"
 EHB_ho_chi: "Хо Ши"
 EHB_zhang_yantian: "Чжан Яньтянь"
 EHB_zhang_qingyu: "Чжан Цинъюй"
 
 #CHANDONG#
 CSR_li_shouxin: "Li Shouxin"
 CSR_ding_qichang: "Ding Qichang"
 CSR_liu_jiguang: "Liu Jiguang"
 CSR_mukdenbao: "Mukdenbao"
 CSR_bao_yueqing: "Bao Yueqing"
 CSR_jin_yongchang: "Jin Yong-Chang"
 CSR_ba_wenjun: "Ba Wenjun"
 CSR_van_in: "Van In"
 CSR_bayandalay: "Bayandalay"
 CSR_bogdo_gegen_IX: "Bogdo Gegen IX"
 CSR_gen_sugiyama: "Gen Sugiyama"
 CSR_sadamu_shimomura: "Sadamu Shimomura"
 CSR_kitsuju_ayabe: "Kitsuju Ayabe"
 CSR_torashiro_kawabe: "Torashiro Kawabe"
 CSR_pao_yueh_ching: "Pao Yueh-Ching"
 CSR_yin_baoshan: "Yin Baoshan"
 CSR_wang_zhenhua: "Wang Zhenhua"
 CSR_mu_xinya: "Mu Xinya"
 CSR_liu_xinghan: "Liu Xinghan"
 CSR_i_henye: "I Henye"
 CSR_shusheng_li: "Shusheng Li"
 CSR_cui_jinglan: "Cui Jinglan"
 CSR_dulgur_surun: "Dulgur Surun"
 #######
 
 #Общество Жёлтого Песка#
 YSC_chang_yin_tang: "Чан Иньтан"
 YSC_cui_zhizhong: "Цуй Чжичжун"
 YSC_soviet_of_monk: "Совет Монаха"
 YSC_wang_fengge: "Ван Фэнь"
 YSC_zhu_yuxun: "Чжу Юйсюнь"
 YSC_zhu_rongji: "Чжу Жунцзи"
 YSC_zhu_de: "Чжу Дэ"
 YSC_he_lung: "Хэ Лун"
 YSC_zheng_xiaoxu: "Чжан Сяосюй"
 YSC_chen_sanli: "Чэнь Санли"
 YSC_liang_muguang: "Лян Мугуан"
 YSC_jie_cangtai: "Цзе Цантай"
 YSC_li_ki_tong: "Ли Китон"
 YSC_chen_yinke: "Чэнь Инькэ"
 YSC_zhu_guanjun: "Цуй Чжичжун"
 YSC_zhu_xuefang: "Чжу Сюефан"
 YSC_wang_ying: "Ван Ин"
 #######
 
 MEN_demchugdongrub: "Demchugdongrub"
 MEN_jodbajab: "Jodbajab"
 MEN_buyingdalai: "Buyingdalai"
 MEN_linqin_sengge: "Linqin Sengge"
 MEN_degulai: "Degulai"
 MEN_dali_zhai: "Dali Zhai"
 
 CHI_li_jishen: "Li Jishen"
 CHI_wu_zhongxin: "Wu Zhongxin"
 CHI_wu_peifu: "Wu Peifu"
 
 PRC_zhang_wentian: "Zhang Wentian"
 PRC_zhang_lan: "Zhang Lan"
 PRC_wang_ming: "Wang Ming"
 PRC_chen_duxiu: "Chen Duxiu"
 PRC_he_long: "He Long"
 
 NEA_zhang_xueliang: "Zhang Xueliang"
 NEA_yang_hucheng: "Yang Hucheng"
 NEA_he_zhuguo: "He Zhuguo"
 NEA_wang_yizhe: "Wang Yizhe"
 NEA_lu_yanbiao: "Lu Yanbiao"
 NEA_zhao_shoushan: "Zhao Shoushan"
 NEA_feng_qinzai: "Feng Qinzai"
 NEA_yu_xuezhong: "Yu Xuezhong"
 NEA_sun_weiru: "Sun Weiru"
 
 SIH_liu_xiang: "Liu Xiang"
 SIH_yang_sen: "Yang Sen"
 SIH_wang_lingji: "Wang Lingji"
 SIH_li_jiayu: "Li Jiyau"
 SIH_he_guoguang: "Хэ Гуогань"
 SIH_deng_xihou: "Deng Xihou"
 SIH_pan_wenhua: "Pan Wenhua"
 SIH_tang_shizun: "Tang Shizun" 
 
 HCP_song_zheyuan: "Song Zheyuan"
 HCP_zhang_zizhong: "Zhang Zizhong"
 HCP_ji_xingwen: "Ji Xingwen"
 HCP_feng_zhian: "Feng Zhian"
 HCP_tang_yulin: "Tang Yulin"
 HCP_liu_ruming: "Liu Ruming"
 HCP_van_kemin: "Wang Kemin"
 
 SHX_liang_huazhi: "Liang Huaizhi"
 SHX_yang_aiyuan: "Yang Aiyuan"
 SHX_sun_chu: "Sun Chu"
 SHX_xu_yongchang: "Xu Yongchang"
 SHX_zhao_chengshou: "Zhao Chengshou"
 SHX_dong_qiwu: "Dong Qiwu"
 SHX_sun_lanfeng: "Sun Lanfeng"
 
 GND_chen_jitang: "Chen Jitang"
 GND_hu_hanmin: "Hu Hanmin"
 GND_li_qingwen: "Li Qingwen"
 GND_jiang_xiyuan: "Jiang Xiyuan"
 
 GXC_xia_wei: "Xia Wei"
 
 SIK_sheng_shiqi: "Sheng Shiqi"
 SIK_hoja_niyaz: "Hoja Niyaz Haji"
 
 YUN_sun_du: "Sun Du"
 
 FSR_zhang_guotao: "Zhang Guotao"
 
 #TUNGANISTAN#
 TNG_ma_hushan: "Ma Hushan"
 TNG_ma_zhancang: "Ma Zhancang"
 TNG_ma_shenggui: "Ma Shenggui"
 TNG_ma_fuyuan: "Ma Fuyuan"
 TNG_pai_tzuli: "Pai Tzu-li"
 TNG_ma_julung: "Ma Ju-lung"
 TNG_provisional_council_of_generals: "Provisional Council of Generals"
 TNG_ma_zhongying: "Ma Zhongying"
 TNG_li_shen: "Li Shen"
 TNG_ma_tian: "Ma Tian"
 TNG_kong_fang: "Kong Fang"
 TNG_pan_wu: "Pan Wu"
 TNG_cheng_dong: "Cheng Dong"
 TNG_yang_wei: "Yang Wei"
 TNG_ma_yangliang: "Ma Yangliang"
 ########
 
 YUL_jing_yuexiu: "Jing Yuexui"
 YUL_gao_shuangcheng: "Gao Shuangcheng"
 YUL_lui_runmin: "Lui Runmin"
 YUL_gao_guizi: "Gao Guizi"
 
 SHA_han_fuju: "Han Fuju"
 SHA_liang_shuming: "Liang Shuming"
 SHA_li_shuchun: "Li Shuchun"
 SHA_he_siyuan: "He Siyuan"
 SHA_sun_tongxuan: "Sun Tongxuan"
 SHA_fan_zhuxian: "Fan Zhuxian"
 SHA_jan_tsunyan: "Zhang Zongyuan"
 
 XSM_ma_lin: "Ma Lin"
 XSM_ma_biao: "Ma Biao"
 XSM_ma_bukang: "Ma Bukang"
 XSM_ma_chengxiang: "Ma Chengxiang"
 XSM_ma_xizhen: "Ma Xizhen"
 XSM_han_youwen: "Han Youwen"
 XSM_ma_yuanhai: "Ma Yuanhai"
 
 XIK_liu_wenhui: "Liu Wenhui"
 XIK_liu_yuanzhang: "Liu Yuanzhang"
 XIK_xu_jianshuang: "Xu Jianshuang"
 XIK_deng_xuting: "Deng Xuting"
 XIK_liu_yuanxuan: "Liu Yuanxuan"
 XIK_liu_yuanzong: "Liu Yuanzong"
 XIK_zhang_zhenguo: "Zhang Zhenguo"
 XIK_ren_naiqiang: "Ren Naiqiang"
 XIK_liu_wencai: "Liu Wencai"
 XIK_chen_dongfu: "Chen Dongfu"
 XIK_chen_zhongsheng: "Chen Zhongsheng"
 XIK_xu_xiaohui: "Xu Xiaohui"
 XIK_wu_guangyao: "Wu Guangyao"
 XIK_du_dediao: "Du Dediao"
 XIK_zhou_wenzao: "Zhou Wenzao"
 XIK_deng_pancun: "Deng Pancun"
 
 TIB_jamphel_yeshe_gyaltsen: "Jamphel Yeshe Gyaltsen"
 TIB_thubten_choekyi_nyima: "Thubten Choekyi Nyima"
 TIB_phuntsok_wangyal_goranga: "Phuntsok Wangyal Goranga"
 TIB_pandatsang_rapga: "Pandatsang Rapga"
 TIB_changra: "Changra"
 TIB_kunga_wangchuk_langdun: "Kunga Wangchuk Langdun"
 TIB_tashi_dondrub: "Tashi Dondrub"
 TIB_taring_jigme: "Taring Jigme"
 TIB_wangchen_geleg_surkhang: "Wangchen Geleg Surkhang"
 TIB_surkhang_lhawang_topgyal: "Surkhang Lhawang Topgyal"
 TIB_taktra_rinpoche: "Taktra Rinpoche"
 TIB_thubten_kunphel: "Thubten Kunphel"
 TIB_nicholas_roerich: "Nicholas Roerich"
 TIB_ngabo_ngawang_jigme: "Ngabo Ngawang Jigme"
 TIB_wangchuk_deden_shakabpa: "Wangchuk Deden Shakabpa"
 TIB_liushar_thubten_tharpa: "Liushar Thubten Tharpa"
 TIB_surkhang_wangchen_tseten: "Surkhang Wangchen Tseten"
 TIB_sonam_wangdu: "Sonam Wangdu"
 
 MON_khorloogiin_choibalsan: "Khorloogiin Choibalsan"
 MON_gelegdorjiin_demid: "Gelegdorjiin Demid"
 MON_anandyn_amar: "Anandyn Amar"
 MON_dansranbilegiin_dogsom: "Dansranbilegiin Dogsom"
 MON_dashiin_damba: "Dashiin Damba"
 MON_diluwa_khutugtu_jamsrangjab: "Diluwa Khutugtu Jamsrangjab"
 MON_yumjaagiin_tsedenbal: "Yumjaagiin Tsedenbal"
 MON_jodbajab: "Jodbajab"
 MON_darizavyn_losol: "Darizavyn Losol"
 MON_ja_lama: "2nd Ja Lama"
 MON_lamakh_jarzhav: "Lamakh Jarzhav"
 MON_gonchig_sambu: "Gonchig Sambu"
 MON_zhigdal_malzhi: "Zhigdal Malzhi"
 MON_idamsuren: "Idamsuren"
 MON_battamur: "Battamur"
 MON_gonchi_boomcend: "Gonchi Boomcend"
 MON_tumendelgerjav: "Tumendelgerjav"
 MON_ayush_of_aldarjav: "Ayush Of Aldarjav"
 MON_banzarjav_basanjav: "Banzarjav Basanjav"
 MON_bat_ochir_eel_ochir: "Bat-Ochir Eel-Ochir"
 MON_sambadondo_cerendorj: "Sambadondo Cerendorj"
 MON_sukhbatar_yanjmaa: "Sukhbatar Yanjmaa"
 MON_dzhantsankhororloo: "Dzhantsankhororloo"
 MON_gombosuren: "Gombosuren"
 MON_luvsansharav: "Luvsansharav"
 MON_hamza_zaysanov: "Hamza Zaysanov"
 MON_jigden_malj: "Jigden Malj"
 MON_shagdara_gongor: "Shagdara Gongor"
 
 MON_peljidiin_genden: "Peljidiin Genden"
 MON_zhamyangiyn_lkhagvasuren: "Zhamyangiyn Lhagvasuren"
 MON_tseren_jamsrang: "Jamsrang Tseren"
 
 TAN_salchak_toka: "Salchak Toka"
 TAN_sat_churmittazhy: "Sat Churmit-Tazhy"
 TAN_tulush_kechiloll: "Tulush Kechil-oll"
 
 #KUMUL#
 KUM_yulbars_khan: "Yulbars Khan"
 KUM_muhammad_beg: "Muhammad Bek"
 KUM_timur_beg: "Timur Bek"
 KUM_abdullah_beg: "Abdullah Bek"
 KUM_bashir_shah: "Bashir Shah"
 ########
 
 KAS_liu_pin: "Liu Pin"
 KAS_abdullah_niyaz: "Abdullah Niyaz"
 KAS_kichik_akhund: "Kichik Akhund"
 KAS_muhammad_amin_bughra: "Muhammad Amin Bughra"
 KAS_mahmud_muhiti: "Mahmud Muhiti"
 
 DZH_sharipkhan_kogedaiuly: "Sharipkhan Kogedaiuly"
 DZH_dalelkhan_sugirbayev: "Dalelkhan Sugirbayev"
 DZH_ospan_batyr: "Ospan Batyr"
 
 SRL_Don_Baron_Jayatilaka: "Don Baron Jayatilaka"
 SRL_Don_Stephen_Senanayake: "Don Stephen Senanayake"
 SRL_Nanayakkarapathirage_Martin_Perera: "N. Martin Perera"
 SRL_Colvin_Reginald_de_Silva: "Colvin Reginald de Silva"
 SRL_Leslie_Simon_Goonewardene: "Leslie Gunwarden"
 SRL_Ganapathipillai_Gangaser_Ponnambalam: "Ganapatipillai Gangaser Ponnambalam"
 SRL_bertram_heyn: "Bertram Russell Hein"
 SRL_Sir_Geoffrey_Layton: "Sir Joffrey Lawton"
 SRL_Sir_James_Fownes_Somerville: "James Fawns Somerville"
 SRL_Sir_John_Henry_DAlbiac: "John Henry D'Albiak"
 SRL_anton_muttukumaru: "Anton Muttukumaru"
 SRL_Sir_John_Lionel_Kotelawala: "Sir John Lionel Kotelavala"
 SRL_Alexander_Richard_Udugama: "Alexander Richard Udagama"
 SRL_Sepala_Attygalle: "Sepala Attygalle"
 SRL_Chuichi_Nagumo: "Chūichi_Nagumo"
 SRL_Andrew_Caldecott: "Sir Andrew_Caldecott"
 SRL_sir_reginald_edward_stubbs: "Sir Reginald Edward Stubbs"
 SRL_sugiswara_abeywardena_wickramasinghe: "Sugiswara Wickramasinghe"
 SRL_junius_richard_jayewardene: "Junius Richard Jayewardene"
 SRL_richard_udugama: "Richard Udugama" 
 
 MLD_hassan_nooraddeen_ii: "Hassan Nooraddeen II"
 MLD_Abdula_Madjid_Didi: "Abdul Majeed Didi"
 MLD_Amir_Ahmed_Didi: "Amir Ahmed Didi"
 
 NEP_juddha_rana: "Juddha Rana"
 NEP_tribhuvan_bir_bikram_shah: "Tribhuvan"
 NEP_tanka_prasad_acharya: "Tanka Prasad Acharya"
 NEP_pushpa_lal_shrestha: "Pushpa Lal Shrestha"
 NEP_kaiser_shumsher_j_b_rana: "Kaiser Shumsher J. B. Rana"
 NEP_padma_shumsher_jang_bahadur_rana: "Padma Shumsher Jang Bahadur Rana"
 NEP_mansing_gurung: "Mansing Gurung"
 NEP_dhammalok_mahasthavir: "Dhammalok Mahasthavir"
 NEP_gangalal_shrestha: "Gangalal Shrestha"
 NEP_jagat_sundar_malla: "Jagat Sundar Malla"
 NEP_shukraraj_shastri: "Shukraraj Shastri"
 NEP_yogbir_singh_sasa: "Jogbir Singh Kasa"
 
 SKM_Jerman_Lepcha: "Jerman Lepcha"
 SKM_Brihaspati_Parsai: "Brihaspati Parsai"
 SKM_Tashi_Namgyal: "Tashi Namgyal"
 SKM_Ganju_Lama: "Ganju Lama"
 SKM_Bermiok_Athing: "Bermiok Athing"
 SKM_Trilochan_Pokhrel: "Trilochan Pokhrel"
 SKM_Rai_Sahib_Tschi_Dadul: "Rai Sahib Tschi Dadul"
 SKM_Pipon_Namgyal: "Pipon Namgyal"
 SKM_Rashmi_Prasad_Alley: "Rashmi Prasad Alley"
 SKM_Jaharman_Rai: "Jaharman Rai"
 SKM_Paljor_Namgyal: "Paljor Namgyal"
 
 BHU_choki_wangchuck: "Choki Wangchuk"
 BHU_ngawang_tinley: "Ngawang Thinley"
 BHU_tshering_penjor: "Tshering Penjor"
 BHU_phuntsho_choden: "Phuntsho Choden"
 BHU_pema_dechen: "Pema Dechen"
 BHU_namgyal_bahadur: "Namgyal Bahadur"
 BHU_zamadar_chencho: "Zamadar Chencho"
 BHU_dagap_rinzin_dorji: "Dagap Rinzin Dorji"
 
 USA_alisa_rozenbaum: "Alisa Rozenbaum"
 USA_james_patrick_cannon: "James Patrick Cannon"
 USA_howard_scott: "Howard Scott"
 USA_alf_landon: "Alfred Mossman Landon"
 USA_wendell_wilkie: "Wendell Willkie"
 USA_harry_truman: "Harry Truman"
 USA_henry_wallace: "Henry Wallace"
 
 MNC_louis_ii: "Louis II"
 
 VAT_pius_xi: "Pius XI"
 VAT_pius_xii: "Pius XII"
 VAT_georg_von_sury_d_aspremont: "Georg von Sury d'Aspremont"
 
 LIE_josef_hoop: "Josef Hoop"
 LIE_alfons_goop: "Alfons Goop"
 LIE_franz_i: "Franz I"
 LIE_joseph_franz_ii: "Joseph Franz II"
 LIE_alois_von_liechtenstein: "Alois von und zu Liechtenstein"
 
 BOS_vojislav_kecmanovic: "Vojislav Kecmanović"
 BOS_radoslav_dunic: "Radoslav Dunić"
 BOS_husejn_milkovic: "Husejn Milković"
 
 LBA_muhammad_idris_senussi: "Muhammad Idris as-Senussi"
 
 LIB_edwin_barclay: "Edwin Barclay"
 LIB_council_of_chieftains: "Council of Chieftains"
 LIB_varney_massaquoi: "Nathaniel Varney Massaquoi"
 LIB_alford_russ: "Alford Russ"
 LIB_jenkins_yancey: "Jenkins Yancey"
 LIB_elwood_davis: "Elwood Davis"
 
 COG_robert_mauroy: "Robert Mauroy"
 COG_mwami_kitanika_mabumba_mushalila: "Mwami Kitanika Mabumba Mushalila"
 COG_charlesjoseph_haas: "Charles-Joseph Haas"
 
 ETH_amha_selassie: "Amha Selassie"
 ETH_wehib_pasha: "Wehib Pasha"
 ETH_nasibu_zeamanuel: "Nasibu Zeamanuel"
 ETH_imru_haile_selassie: "Imru Haile Selassie"
 ETH_damtou_desta: "Damtou Desta"
 ETH_abebe_aregai: "Abebe Aregai"
 ETH_kassa_haile_darge: "Kassa Haile Darge"
 ETH_mulugeta_yeggazu: "Mulugeta Yeggazu"
 
 AFA_sultan_mohamed_yayyo_of_aussa: "Mohamed Yayyo"
 
 SOM_sheikh_bashir_yusuf: "Sheikh Bashir Yusuf"
 
 TIG_haile_selassie_gugsa: "Haile Selassie Gugsa"
 
 CHA_muhammad_urada_ibn_ibrahim: "Muhammad Urada ibn Ibrahim"
 
 DAH_agoli_agbo: "Agoli-Agbo"
 
 CAR_kamoun_al_senussi: "Kamoun Al-Senussi"
 CAR_antoine_darlan: "Antoine Darlan"
 CAR_barthelemy_boganda: "Barthelemy Boganda"
 
 NGA_bernard_henry_bourdillon: "Bernard Henry Bourdillon"
 NGA_umar_ibn_muhammad: "Shehu Umar Ibn Muhammad"
 NGA_micheal_imoudu: "Michael Imoudu"
 
 ANG_pedro_vii: "Pedro VII"
 
 BRA_abilio_de_nequete: "Abílio de Nequete"
 
 URG_domingo_tortorelli: "Domingo Tortorelli"
 
 BMD_sir_denis_bernard: "Sir Denis Bernard"
 BMD_thomas_melville_dill: "Thomas Melville Dill"
 BMD_sir_thomas_cubitt: "Sir Thomas Cubitt"
 BMD_russell_dismont: "Russell Dismont"
 BMD_lawrence_ogilvie: "Lawrence Ogilvie"
 BMD_gilbert_cooper: "Gilbert «Gibby» Cooper"
 BMD_bishop_arthur_browne: "Arthur Heber Brown"
 BMD_charles_edward_simons: "Charles Edward Simons"
 BMD_sir_charles_kennedypurvis: "Sir Charles Kennedy-Purvis"
 BMD_sir_sidney_meyrick: "Sir Sidney Meyrick"
 BMD_sir_alban_curteis: "Sir Alban Curtis"
 BMD_sir_richard_o_connor: "Sir Richard O'Connor"
 BMD_arthur_spurling: "Arthur Spurling"
 BMD_cecil_montgomery_moore: "Cecil Montgomery-Moore"
 BMD_john_jagoe: "John Jagoe"
 BMD_sir_reginald_hildyard: "Sir Reginald Hildyard"
 
 MEX_francisco_carrero_torres: "Francisco Carrero Torres"
 
 CUB_jose_agripino_barnet: "Jose Agripino Barnet"
 CUB_blas_roca: "Blas Roca"
 CUB_ramon_grau_san_martin: "Ramon Grau San Martin"
 CUB_fulgencio_batista_y_zaldivar: "Fulgencio Batista"
 
 COS_ricardo_jimenez_oreamuno: "Ricardo Jimenez Oreamuno"
 COS_jose_maria_barahona: "Jose Maria Barahona"
 COS_lisandro_barillas: "Lisandro Barillas"
 COS_jorge_peralta: "Jorge Peralta"
 
 PAN_harmodio_arias_madrid: "Harmodio Arias Madrid"
 PAN_bartolome_sinibaldi: "Bartolome Sinibaldi"
 PAN_tiburcio_andino: "Tiburcio Andino"
 PAN_aniceto_andino: "Aniceto Andino"
 
 NIC_juan_bautista_sacasa: "Juan Bautista Sacasa"
 NIC_anastasio_somoza_garcia: "Anastasio Somoza Garcia"
 NIC_francisco_leiva: "Francisco Leiva"
 NIC_jose_francisco_leiva: "Jose Francisco Leiva"
 
 HON_tiburcio_carias_andino: "Tiburcio Carias Andino"
 
 ELS_maximiliano_hernandez_martinez: "Maximiliano Hernandez Martinez"
 ELS_Salvador_Castaneda_Castro: "Salvador Castaneda Castro"
 ELS_Osmin_Aguirre_y_Salinas: "Osmin Aguirre y Salinas"
 ELS_Andres_Ignacio_Menendez: "Andres Ignacio Menendez"
 ELS_Modesto_Ramirez: "Modesto Ramírez"
 
 GUA_jorge_ubico: "Jorge Ubico"
 
 PRU_Oscar_benavides: "Oscar Benavides"
 
 ECU_federico_paez: "Federico Paez"
 ECU_Enriquez_Gallo: "Alberto Enriquez Gallo"
 ECU_Hugo_Ortiz_Garces: "Hugo Ortiz Garces"
 ECU_Luis_Larrea_Alba: "Luis Larrea Alba"
 
 CHL_arturo_alessandri: "Arturo Alessandri"
 CHL_Marmaduke_Grove: "Marmaduke Grove"
 CHL_escudero_oscar_otarola: "Oscar Otárola"
 
 ARG_agustin_pedro_justo: "Agustin Pedro Justo"
 ARG_nimo_de_anquin: "Nimio de Anquin"
 ARG_marcelo_t_de_alvear: "Marcelo T. de Alvear"
 ARG_fanny_edelman: "Fanny Edelman"
 ARG_arturo_rawson: "Arturo Rawson"
 ARG_juan_pistarini: "Juan Pistarini"
 ARG_alberto_teisaire: "Alberto Teisaire"
 ARG_Edelmiro_Julian_Farrell: "Edelmiro Julian Farrell"
 ARG_Jose_Domingo_Molina_Gomez: "Jose Domingo Molina Gomez"
 ARG_Juan_Domingo_Peron: "Juan Domingo Peron"
 ARG_Pedro_Pablo_Ramirez: "Pedro Pablo Ramirez"
 ARG_Domingo_A_Mercante: "Domingo A. Mercante"
 ARG_Benjamin_Menendez: "Benjamín Menendez"
 
 URG_gabriel_terra: "Gabriel Terra"
 URG_Luis_Alberto_de_Herrera: "Luis Alberto de Herrera"
 
 PAR_rafael_franco: "Rafael Franco"
 PAR_Eusebio_Ayala: "Eusebio Ayala"
 PAR_Jose_Felix_Estigarribia: "Jose Felix Estigarribia"
 PAR_Ivan_Timofeyevich_Belyaev: "Ivan Timofeyevich Belyaev"
 PAR_Higinio_Morinigo_Martinez: "Higinio Morínigo Martínez"
 
 COL_alfonso_lopez_pumarejo: "Alfonso Lopez Pumarejo"
 COL_gustavo_rojas_pinilla: "Gustavo Rojas Pinilla"
 
 VEN_eleazar_lopez_contreras: "Eleazar Lopez Contreras"
 VEN_Carlos_Delgado_Chalbaud: "Carlos Delgado Chalbaud"
 
 AFR_governing_council: "Governing Council"
 
 DOM_rafael_trujillo: "Rafael Leonidas Trujillo Molina"
 DOM_juan_emilio_bosch_gavino: "Juan Emilio Bosch Gaviño"
 DOM_jacinto_bienvenido_peynado: "Jacinto Bienvenido Peynado"
 DOM_pericles_franco_ornes: "Pericles Franco Ornes"
 DOM_hector_trujillo: "Hector Bienvenido Trujillo Molina"
 
 CYP_richmond_palmer: "Richmond Palmer"
 CYP_makarios_ii: "Makarios II"
 CYP_ploutis_servas: "Ploutis Servas"
 CYP_fazil_kucuk: "Fazıl Küçük"
 CYP_william_denis_battershill: "William Denis Battershill"
 CYP_hassan_ramadan: "Hassan Ramadan"
 CYP_omer_faik_muftuzade: "Omer Faik Muftuzade"
 CYP_costas_sophocleous: "Costas Sophocleus"
 CYP_andreas_chalarambous_kotsios: "Andreas Chalarambous Kotsios"
 CYP_louis_christoforou: "Louis Christoforou"
 CYP_kypros_papachristodoulou: "Kypros Papachristodoulou"
 CYP_faiz_kaymak: "Faiz Kaymak"
 CYP_ali_dana_efendi: "Ali Dana Efendi"
 CYP_hayrettin_necmi_avkiran: "Hayrettin Necmi Avkiran"
 CYP_fifis_ioannou: "Fifis Ioannou"
 CYP_adam_adamantos: "Adam Adamantos"
 CYP_andreas_ziartides: "Andreas Ziartides"
 
 HAI_stenio_vincent: "Stenio Joseph Vincent"
 HAI_jacques_roumain: "Jacques Roumain"
 HAI_jean_price_mars: "Jean Price-Mars"
 HAI_lorimer_denis: "Lorimer Denis"
 HAI_elie_lescot: "Élie Lescot"
 HAI_dumarsais_estime: "Dumarsais Estime"
 HAI_smedley_butler: "Smedley Butler"
 HAI_demosthenes_petrus_calixte: "Démosthènes Pétrus Calixte"
 HAI_thomas_fennell: "Thomas Fennell"
 HAI_franck_lavaud: "Franck Lavaud"
 HAI_gerard_lescot: "Gérard Lescot"
 HAI_antoine_levelt: "Antoine Levelt"
 HAI_maurice_dartigue: "Maurice Dartigue"
 HAI_paul_eugene_magloire: "Paul Eugène Magloire"
 HAI_franck_sylvain: "Franck Sylvain"
 HAI_emile_saint_lot: "Émile Saint-Lot"
 HAI_dantes_louis_bellegarde: "Dantès Louis Bellegarde"
 HAI_nemours_pierre_louis: "Nemours Pierre-Louis"
 HAI_louis_dejoie: "Louis Déjoie"
 HAI_daniel_fignole: "Daniel Fignole"
 HAI_roger_dorsinville: "Roger Dorsinville"
 HAI_francois_duvalier: "Francois Duvalier"
 HAI_gerard_boyer: "Gérard Boyer"
 HAI_leon_cantave: "Léon Cantave"
 HAI_antonio_kebreau: "Antonio Kébreau"
 HAI_alfred_auguste_nemours: "Alfred Auguste Nemours"
 HAI_jacques_stephen_alexis: "Jacques Stephen Alexis"
 HAI_philippe_thoby_marcelin: "Philippe Thoby-Marcelin"
 HAI_emile_roumer: "Emile Roumer"
 HAI_harry_haywood: "Harry Haywood"
 HAI_rene_menil: "René Ménil"